id,name,email
1,Fran,fboyles0@telegraph.co.uk
2,Wyndham,wmackibbon1@businesswire.com
3,Everett,erodwell2@amazon.co.uk
4,Eva,emerchant3@posterous.com
5,Katrine,kmogey4@soundcloud.com
6,Alfy,aspringthorpe5@comsenz.com
7,Boone,blosemann6@reference.com
8,Miguel,mrohan7@weibo.com
9,Aigneis,apeddersen8@reuters.com
10,Gilburt,gkeeltagh9@comsenz.com
11,Lucais,lkmenta@patch.com
12,Rea,rfullerdb@aol.com
13,Zacherie,zbartensc@amazonaws.com
14,Jule,jbezzantd@time.com
15,Aurora,aaxelbye@hatena.ne.jp
16,Frazier,fhastlerf@ca.gov
17,Elenore,edearyg@yandex.ru
18,Trevor,tschrinelh@statcounter.com
19,Agatha,aminardi@techcrunch.com
20,Fanechka,fdjokicj@upenn.edu
21,Dorian,djeandink@netscape.com
22,Keefer,kmayorl@digg.com
23,Val,vschreim@com.com
24,Tony,thazlewoodn@linkedin.com
25,Dasya,dsyselando@cpanel.net
26,Lonnard,lleiversp@state.tx.us
27,Paulie,pwellesleyq@diigo.com
28,Palmer,puttonr@plala.or.jp
29,Corina,cpleadens@dmoz.org
30,Tiffany,twoodust@prlog.org
31,Idell,ikearfordu@ucsd.edu
32,Muire,mprimev@ustream.tv
33,Johanna,jnorthidgew@dailymotion.com
34,Brock,bgyex@wired.com
35,Myrle,mmcnaughty@google.cn
36,Amelita,ahinchonz@gov.uk
37,Kiley,kegger10@census.gov
38,Vergil,vgiovannacci11@xing.com
39,Pam,pjobbins12@is.gd
40,Berget,bbollis13@google.com.br
41,Pasquale,prasp14@eventbrite.com
42,Bartolomeo,bhindrich15@themeforest.net
43,Johnathan,jgodwin16@msn.com
44,Dolli,dkremer17@newsvine.com
45,Aldo,aaron18@npr.org
46,Essa,eattwooll19@hubpages.com
47,Binnie,bfryatt1a@deliciousdays.com
48,Raoul,rdomenici1b@stumbleupon.com
49,Raychel,rnolda1c@lycos.com
50,Marianna,mbrunel1d@wufoo.com
51,Godiva,grisby1e@mashable.com
52,Katharina,kpeiser1f@bbc.co.uk
53,Neille,nmacwhan1g@webnode.com
54,Georgiana,gratcliffe1h@cloudflare.com
55,Dewey,dbettenay1i@wsj.com
56,Franny,fjaume1j@1und1.de
57,Gretel,gsewart1k@cnn.com
58,Annamarie,afettis1l@slideshare.net
59,Betta,bcrilley1m@timesonline.co.uk
60,Shannen,ssterman1n@scribd.com
61,Angel,abriat1o@epa.gov
62,Corbett,cpeakman1p@elpais.com
63,Roland,rwalling1q@gnu.org
64,Cora,cspellacey1r@economist.com
65,Lurlene,lfollet1s@nhs.uk
66,Rochelle,rosburn1t@blogspot.com
67,Pepita,pwhitelock1u@a8.net
68,Alessandra,acaveill1v@elpais.com
69,Viole,vdantuoni1w@xing.com
70,Bartie,bblazejewski1x@cisco.com
71,Niall,nlawlance1y@cyberchimps.com
72,Berkie,bleeburne1z@hugedomains.com
73,Arnie,amerrifield20@topsy.com
74,Abigale,apietasch21@xing.com
75,Larissa,lbutt22@meetup.com
76,Filip,fpescod23@yellowpages.com
77,Northrop,nfisbey24@altervista.org
78,Anne,agoreisr25@technorati.com
79,Alanna,amccaughren26@cyberchimps.com
80,Hadlee,hcreavan27@smh.com.au
81,Miranda,mlade28@phpbb.com
82,Aurilia,arickardsson29@slideshare.net
83,Gaylord,glosseljong2a@qq.com
84,Rebe,rpetley2b@youku.com
85,Leanora,ldunbleton2c@marketwatch.com
86,Emmie,eodcroft2d@bbc.co.uk
87,Ethelda,eprazer2e@naver.com
88,Yvon,ypaddemore2f@tinyurl.com
89,Wadsworth,wpigney2g@squidoo.com
90,Neale,nyearnes2h@businessinsider.com
91,Martica,mbale2i@alibaba.com
92,Doug,dcastiglioni2j@chron.com
93,Ivan,icrone2k@wired.com
94,Burke,bavey2l@dell.com
95,Sinclair,ssunnex2m@jiathis.com
96,Beatrisa,bpetranek2n@geocities.jp
97,Chase,cblacklock2o@princeton.edu
98,Renata,rharget2p@elpais.com
99,Brok,bblacket2q@nbcnews.com
100,Page,pstell2r@dropbox.com
101,Paddy,pfehely2s@furl.net
102,Torin,twillatt2t@wp.com
103,Bell,bmousley2u@bing.com
104,Isidor,idaal2v@cmu.edu
105,Virginia,vcornewall2w@ow.ly
106,Pammie,paudibert2x@mapquest.com
107,Quinta,qmaccaddie2y@plala.or.jp
108,Jeramey,jfellowes2z@geocities.com
109,Orlan,osans30@prlog.org
110,Annmarie,ajagger31@harvard.edu
111,Marillin,mcometson32@unc.edu
112,Sterne,snorman33@java.com
113,Walt,wamy34@pbs.org
114,Quintin,qkneel35@usgs.gov
115,Janina,jpheasant36@wisc.edu
116,Jana,jhuxley37@dion.ne.jp
117,Michel,mgodbold38@edublogs.org
118,Mallissa,mvanmerwe39@hc360.com
119,Ban,bmckoy3a@miibeian.gov.cn
120,Etienne,eunderdown3b@blogspot.com
121,Dermot,dheinke3c@cnbc.com
122,Gussi,gkendal3d@netlog.com
123,Celestyn,cwoodburn3e@marriott.com
124,Helen,hcardnell3f@discovery.com
125,Robb,rsilverthorn3g@netvibes.com
126,Pascale,pzimmer3h@homestead.com
127,Claudine,cdukes3i@independent.co.uk
128,Rowe,rcaines3j@nydailynews.com
129,Laurie,lmcmurraya3k@unblog.fr
130,Adelina,alittleton3l@google.es
131,Gerome,gkingham3m@princeton.edu
132,Dolf,dmaylard3n@illinois.edu
133,Chaunce,ccowwell3o@desdev.cn
134,Deanne,dseabrook3p@hp.com
135,Lorain,lbergin3q@jigsy.com
136,Martainn,mendley3r@barnesandnoble.com
137,Paton,poglassane3s@storify.com
138,Padraig,pfetters3t@networkadvertising.org
139,Maxine,mnicolson3u@domainmarket.com
140,Marilyn,mostler3v@omniture.com
141,Roxane,rbedder3w@fotki.com
142,Freda,fwiltshire3x@paypal.com
143,Clementius,clamond3y@parallels.com
144,Larine,lpownall3z@acquirethisname.com
145,Daune,dthornthwaite40@unc.edu
146,Elliot,epasek41@shinystat.com
147,Mariellen,mdaintith42@tripadvisor.com
148,Thornton,tmacpike43@alibaba.com
149,Jana,jgyngell44@netvibes.com
150,Bordie,byanyshev45@scientificamerican.com
151,Benni,bmincher46@army.mil
152,Garv,gmeran47@scientificamerican.com
153,Brady,btees48@wikispaces.com
154,Katharine,kdanhel49@shop-pro.jp
155,Desmond,dgoslin4a@nasa.gov
156,Aloise,adog4b@icio.us
157,Witty,wpennycord4c@liveinternet.ru
158,Sadella,sbutchart4d@apache.org
159,Rinaldo,rbecerra4e@rediff.com
160,Bordie,bpemberton4f@google.it
161,Budd,beccleshare4g@wiley.com
162,Burk,blippitt4h@miibeian.gov.cn
163,Dora,ddestoop4i@vk.com
164,Monah,mlevington4j@artisteer.com
165,Urban,umaggorini4k@cbsnews.com
166,Harcourt,hlegall4l@ox.ac.uk
167,Galven,gbaert4m@loc.gov
168,Babita,bvaladez4n@g.co
169,Alexi,abaxstare4o@1688.com
170,Naoma,nchicken4p@macromedia.com
171,Barry,bjozwiak4q@sogou.com
172,Lotta,lmussetti4r@nationalgeographic.com
173,Karney,khekkert4s@fotki.com
174,Stafani,scristofolini4t@so-net.ne.jp
175,Emmerich,esenchenko4u@ted.com
176,Lee,lmaria4v@51.la
177,Gayle,gconahy4w@usgs.gov
178,Enrica,etreverton4x@home.pl
179,Dulcine,dhazelhurst4y@webmd.com
180,Alexander,alepope4z@theguardian.com
181,Daveen,dlequesne50@netvibes.com
182,Wesley,wdepietri51@mayoclinic.com
183,Goldarina,gantoniazzi52@devhub.com
184,Delores,dbillham53@craigslist.org
185,Prentiss,pcopes54@cnn.com
186,Randie,rstreatfield55@admin.ch
187,Harlan,hwinnard56@moonfruit.com
188,Ewan,egolden57@goodreads.com
189,Gayle,gcardo58@nba.com
190,Diego,deads59@artisteer.com
191,Daphna,dmoylane5a@google.co.uk
192,Roxine,rmillan5b@gnu.org
193,Helga,hmorrell5c@prweb.com
194,Craggie,cmacgaughie5d@aol.com
195,Cathrin,cticic5e@naver.com
196,Calhoun,cokuddyhy5f@hhs.gov
197,Celina,cyukhnevich5g@deviantart.com
198,Milicent,mcardoo5h@jiathis.com
199,Lonny,lgullivan5i@mysql.com
200,Norry,nvase5j@cloudflare.com
201,Cyrill,cclutheram5k@instagram.com
202,Lonee,llisimore5l@xing.com
203,Marlow,mgallyhaock5m@alexa.com
204,Kati,kivatt5n@skype.com
205,Brad,bginger5o@scribd.com
206,Mortie,mmacieiczyk5p@fema.gov
207,Kain,kgimenez5q@who.int
208,Leland,lpocknell5r@dmoz.org
209,Tommi,tohone5s@spotify.com
210,Amabelle,afarryann5t@tripadvisor.com
211,Fairlie,froisen5u@seattletimes.com
212,Vanna,vpol5v@1688.com
213,Rufe,rhumbie5w@multiply.com
214,Egor,emarian5x@slate.com
215,Georgena,gedis5y@cargocollective.com
216,Morgan,mhorley5z@zdnet.com
217,Arlette,atrewhitt60@google.co.jp
218,Dollie,dminker61@blogs.com
219,Chev,carmal62@theguardian.com
220,Miguela,msilbersak63@oracle.com
221,Gearard,gjentin64@hostgator.com
222,Thurston,tpresman65@addtoany.com
223,Lyle,ldovydenas66@fema.gov
224,Izabel,irolfs67@redcross.org
225,Maribeth,mskoggins68@elegantthemes.com
226,Kaleb,kwohler69@arstechnica.com
227,Faber,ffelip6a@miibeian.gov.cn
228,Kristos,kbrigge6b@narod.ru
229,Andriette,ajancar6c@wikipedia.org
230,Hedwig,hwebben6d@amazonaws.com
231,Damien,ddulanty6e@un.org
232,Raleigh,remmet6f@theatlantic.com
233,Hadria,hgeorgeou6g@twitpic.com
234,Elbertine,edow6h@samsung.com
235,Miguelita,mbail6i@adobe.com
236,Kizzie,ktregensoe6j@cbslocal.com
237,Cora,ccuerdale6k@fda.gov
238,Consuelo,cballeine6l@nifty.com
239,Maribel,msinnocke6m@elpais.com
240,Lewiss,lfairlem6n@hubpages.com
241,Estevan,emerritt6o@slate.com
242,Carma,cguthrum6p@nih.gov
243,Collie,cduffett6q@virginia.edu
244,Calley,cahren6r@sogou.com
245,Gallard,gkonneke6s@fastcompany.com
246,Atalanta,ajumel6t@hhs.gov
247,Evelina,egermaine6u@ox.ac.uk
248,Leanora,lbeedon6v@artisteer.com
249,Glenda,ghubble6w@issuu.com
250,Shoshanna,ssinisbury6x@com.com
251,Earlie,evennard6y@loc.gov
252,Rois,rgatteridge6z@google.nl
253,Jakob,jmughal70@jalbum.net
254,Moise,mdible71@weather.com
255,Ashby,abettlestone72@ucoz.com
256,Eal,ecoalbran73@dion.ne.jp
257,Killy,kgamett74@ihg.com
258,Stan,stante75@unblog.fr
259,Kinna,klitster76@un.org
260,Reinald,rclever77@biblegateway.com
261,Ame,astopper78@edublogs.org
262,Anatola,abalk79@tumblr.com
263,Fallon,fmcmackin7a@woothemes.com
264,Lamont,labramovitch7b@cdbaby.com
265,See,shammerstone7c@list-manage.com
266,Sherman,srehor7d@ftc.gov
267,Winifred,wsharma7e@t-online.de
268,Richmound,rvercruysse7f@baidu.com
269,Gilligan,gsleight7g@amazon.com
270,Algernon,amordacai7h@intel.com
271,Cassaundra,clevesque7i@bluehost.com
272,Alena,acolicot7j@t.co
273,Ash,amarsland7k@nymag.com
274,Robbyn,rgutowski7l@ihg.com
275,Tann,tfitzpayn7m@squarespace.com
276,Sammie,sbyk7n@google.es
277,Ferd,foxtaby7o@t-online.de
278,Dulsea,dcorhard7p@psu.edu
279,Elsinore,eizakson7q@ezinearticles.com
280,Marie-jeanne,mkail7r@nasa.gov
281,Mireielle,mdumper7s@bandcamp.com
282,Bert,bdillingham7t@redcross.org
283,Isadore,idewane7u@skype.com
284,Xenia,xboobyer7v@odnoklassniki.ru
285,Al,atriner7w@tumblr.com
286,Jade,jwerrilow7x@netlog.com
287,Iain,iroswarne7y@imgur.com
288,Lemar,ltuxsell7z@patch.com
289,Christiana,cwrigley80@auda.org.au
290,Trina,tdaines81@amazonaws.com
291,Claudie,cmccarter82@pen.io
292,Libby,lcahn83@indiegogo.com
293,Derry,drobberts84@moonfruit.com
294,Isahella,imcconaghy85@weibo.com
295,Thorndike,tdykins86@msn.com
296,Georg,gboot87@oakley.com
297,Daffi,dclothier88@berkeley.edu
298,Rriocard,rhogsden89@bizjournals.com
299,Arnaldo,amatchett8a@360.cn
300,Binni,bmerrington8b@mozilla.org
301,Lois,ltravers8c@shinystat.com
302,Mame,mfawcitt8d@cdbaby.com
303,Orelia,opobjay8e@lulu.com
304,Cheslie,cmctavish8f@i2i.jp
305,Caye,cwhellans8g@cornell.edu
306,Ado,abeddard8h@princeton.edu
307,Alecia,awadmore8i@twitpic.com
308,Neila,njeandeau8j@narod.ru
309,Worthington,wcosson8k@toplist.cz
310,Dallon,dromer8l@businesswire.com
311,Darice,dmuckloe8m@hibu.com
312,Pietro,prolse8n@comcast.net
313,Dania,djenkinson8o@baidu.com
314,Siobhan,slatour8p@craigslist.org
315,Samantha,stippetts8q@mozilla.org
316,Yvonne,ywondraschek8r@china.com.cn
317,Shina,srosas8s@godaddy.com
318,Luigi,lgoodreid8t@sun.com
319,Seth,sphateplace8u@mit.edu
320,Bren,byakebovitch8v@dion.ne.jp
321,Willamina,wnigh8w@barnesandnoble.com
322,Pattie,pchatain8x@miibeian.gov.cn
323,Gusta,gcritten8y@ning.com
324,Brynn,bkelby8z@etsy.com
325,Caren,cconfait90@ftc.gov
326,Bambi,bmcmillam91@economist.com
327,Alwin,agreydon92@aboutads.info
328,Armando,awinpenny93@skyrock.com
329,Enid,eyokel94@weibo.com
330,Lindie,lparmiter95@yellowbook.com
331,Lucita,lchisolm96@army.mil
332,Demetrius,doluney97@freewebs.com
333,Aleta,alouiset98@technorati.com
334,Haleigh,hchantillon99@state.tx.us
335,Marcel,mthowes9a@accuweather.com
336,Matilda,malchin9b@reuters.com
337,Lindsy,lpurser9c@ftc.gov
338,Nelson,nandreotti9d@aol.com
339,Swen,sbratton9e@1688.com
340,Marin,mbaldrey9f@ovh.net
341,Sutton,sfrankum9g@goo.ne.jp
342,Hilarius,hstenett9h@zimbio.com
343,Shanie,schicchetto9i@ft.com
344,Tamma,tmesant9j@kickstarter.com
345,Kiley,kryder9k@weather.com
346,Anatole,afipp9l@ucla.edu
347,Jaquenette,jwalewski9m@comcast.net
348,Waldo,wproger9n@fc2.com
349,Randi,rtunnacliffe9o@myspace.com
350,Frederick,fvicarey9p@cornell.edu
351,Harlene,hwainer9q@wikispaces.com
352,Lou,lcarrick9r@taobao.com
353,Staci,sgillman9s@paypal.com
354,Bing,bcaress9t@tinyurl.com
355,Kassi,klighton9u@ehow.com
356,Meghan,mbangle9v@economist.com
357,Darlleen,dayres9w@army.mil
358,Bernetta,bcastello9x@boston.com
359,Broddy,bbazley9y@buzzfeed.com
360,Maryanne,msaul9z@oaic.gov.au
361,Linus,lkirleya0@yolasite.com
362,Ursula,usomerfielda1@usa.gov
363,Levy,ltoffettoa2@wordpress.com
364,Belita,bbenhama3@nydailynews.com
365,Terence,tspurdena4@timesonline.co.uk
366,Mariann,mfoxcrofta5@furl.net
367,Lizette,lyonga6@gov.uk
368,Ronda,rferencowicza7@eepurl.com
369,Lamond,ltitmussa8@ebay.co.uk
370,Viviene,vpethera9@google.nl
371,Hamil,hgarryaa@friendfeed.com
372,Patrick,pdudlistonab@blogspot.com
373,Hewett,hbaskerfieldac@mail.ru
374,Judi,jgierckead@harvard.edu
375,Marv,mbodillae@angelfire.com
376,Ginny,gmacgettigenaf@1688.com
377,Cilka,cellisonag@mediafire.com
378,Clay,cdiiorioah@friendfeed.com
379,Darren,dcrosbieai@usnews.com
380,Hollis,hsaggsaj@hc360.com
381,Marwin,mjodlowskiak@usatoday.com
382,Selle,spaneal@springer.com
383,Alexi,ameaddowcroftam@uiuc.edu
384,Anjanette,amurrigansan@ebay.co.uk
385,Frederic,fcotmanao@printfriendly.com
386,Niven,nbuckieap@noaa.gov
387,Zenia,zbelvardaq@sohu.com
388,Luciana,ldelatremoillear@latimes.com
389,Tyson,tkerriganas@theguardian.com
390,Lynette,loadesat@joomla.org
391,Augie,adomleoau@uol.com.br
392,Findley,fpetrelliav@posterous.com
393,Jaquenette,jnowickaw@seattletimes.com
394,Malissia,mbissetax@geocities.com
395,David,dcrightonay@digg.com
396,Francene,fnewburnaz@nsw.gov.au
397,Aldridge,anettleshipb0@1und1.de
398,Ruby,rpovlsenb1@unesco.org
399,Neilla,nhalversenb2@fastcompany.com
400,Nick,nczajkowskib3@answers.com
401,Jarred,jzorenerb4@boston.com
402,Zaneta,zrubinivitzb5@php.net
403,Guntar,gmaplesdenb6@bigcartel.com
404,Dory,dbeevorb7@auda.org.au
405,Dallis,dflobertb8@amazon.co.jp
406,Bettye,bantoniottiib9@exblog.jp
407,Sholom,sminchintonba@nbcnews.com
408,Judye,jfullerlovebb@google.co.jp
409,Sandi,sbroaderbc@intel.com
410,Algernon,alewsonbd@cbslocal.com
411,Maxi,mtommasettibe@state.tx.us
412,Barbe,bbethellbf@nih.gov
413,Euphemia,efarndonbg@upenn.edu
414,Selby,scrippillbh@fastcompany.com
415,Chance,crockliffebi@typepad.com
416,Othelia,oleighbj@smh.com.au
417,Eamon,efaircliffebk@ca.gov
418,Gert,grubenchikbl@cloudflare.com
419,Luce,lrosendalebm@msn.com
420,Ives,ibauldbn@blogspot.com
421,Giovanna,gvigrassbo@guardian.co.uk
422,Elise,eholahbp@nps.gov
423,Denys,dlowresbq@cornell.edu
424,Dulce,dwasonbr@bigcartel.com
425,Joellyn,jmethambs@sogou.com
426,Phyllis,pwilkissonbt@arizona.edu
427,Inigo,iadamiecbu@seesaa.net
428,Henka,hstrattonbv@yellowpages.com
429,Sibylle,semeneybw@cnet.com
430,Ginger,gchecklinbx@homestead.com
431,Adore,aheinonenby@odnoklassniki.ru
432,Timofei,tmoloneybz@blogger.com
433,Emelina,ebetkec0@omniture.com
434,Joshua,jclemmittc1@ustream.tv
435,Cathyleen,ctamlettc2@woothemes.com
436,Kinsley,khampshirec3@themeforest.net
437,Francesca,fwardenc4@360.cn
438,Michaelina,msimonelc5@redcross.org
439,Stacia,sgogayc6@weebly.com
440,Laurel,lthursbyc7@hatena.ne.jp
441,Bronson,bgwilliamc8@blogspot.com
442,Steffen,snevinsonc9@forbes.com
443,Leesa,lpochetca@ucsd.edu
444,Hillie,hgiloglycb@youku.com
445,Ardisj,aodyvoycc@nydailynews.com
446,Ferne,fchristiensencd@mit.edu
447,Shermy,sgiacomassoce@gov.uk
448,Wylma,wreadwingcf@plala.or.jp
449,Cassey,cmurdiecg@bloglines.com
450,Leonie,lkalkerch@blogtalkradio.com
451,Ginni,gridgewayci@bloglovin.com
452,Carie,cchippcj@google.ru
453,Elwin,ecradeyck@1688.com
454,Desmond,dkenrightcl@odnoklassniki.ru
455,Aloysia,acassamcm@scribd.com
456,Gussy,ggiacomozzocn@multiply.com
457,Emmaline,earnaezco@list-manage.com
458,Myrle,mbratchcp@histats.com
459,Hilliary,hkisbycq@dyndns.org
460,Reeta,rbradanecr@time.com
461,Alexi,alattimorecs@illinois.edu
462,Hallie,hmoriartyct@woothemes.com
463,Doralia,dmatussoncu@admin.ch
464,Ann-marie,abrownseycv@bravesites.com
465,Wainwright,wgarciacw@sina.com.cn
466,Cass,ccapenercx@imgur.com
467,Kalie,kbrodheadcy@google.co.jp
468,Kyla,kclemenzocz@baidu.com
469,Camilla,cclucasd0@ask.com
470,Sile,sdiffleyd1@phoca.cz
471,Jermayne,jbusherd2@behance.net
472,York,yconyerd3@nyu.edu
473,Sharla,sbazeleyd4@moonfruit.com
474,Rey,rtassakerd5@uiuc.edu
475,Anatollo,acourvertd6@apple.com
476,Kimble,kalwoodd7@webs.com
477,Joanna,jdoakd8@ca.gov
478,Ollie,osimonid9@hubpages.com
479,Rossie,rturrillda@virginia.edu
480,Josselyn,jwriterdb@upenn.edu
481,Cleon,cwainmandc@cyberchimps.com
482,Dasha,dtenderdd@wordpress.org
483,Wilhelmine,wfentemde@mlb.com
484,Deena,dlytelldf@dagondesign.com
485,Shandy,sbonifacedg@icq.com
486,Mia,mpennaccidh@wikia.com
487,King,klawilledi@netlog.com
488,Justus,jipslydj@t-online.de
489,Federico,fwellendk@delicious.com
490,Blinny,botteridgedl@spiegel.de
491,Moishe,mseagerdm@plala.or.jp
492,Vachel,vboodledn@reuters.com
493,Giovanna,gdedamdo@washington.edu
494,Ced,cbartlomieczakdp@dailymail.co.uk
495,Laura,lhubbolddq@istockphoto.com
496,Audi,aaymericdr@usda.gov
497,Clea,cacklandds@illinois.edu
498,Lolly,lpepparddt@marriott.com
499,Janelle,jszubertdu@guardian.co.uk
500,Roda,rranklindv@shareasale.com
501,Gualterio,gdehailesdw@wufoo.com
502,Phaedra,pdebelldx@discovery.com
503,Consalve,chaynedy@so-net.ne.jp
504,Terri,tcrockettdz@ebay.co.uk
505,Daloris,dspeakmane0@forbes.com
506,Truman,tellgoode1@pbs.org
507,Binni,bcharlote2@arizona.edu
508,Jenni,jriddoche3@artisteer.com
509,Sancho,ssimpkisse4@godaddy.com
510,Theodosia,tblisse5@google.ru
511,Gary,griggerte6@google.com.br
512,Gwennie,gmorrelle7@amazonaws.com
513,Bond,bskotchere8@businessinsider.com
514,Ally,amullane9@telegraph.co.uk
515,Hazlett,hboggsea@mapy.cz
516,Maighdiln,mhackneyeb@hp.com
517,Marci,mdhenninec@army.mil
518,Kellia,kdudinged@joomla.org
519,Chance,cboaysee@yahoo.co.jp
520,Gypsy,gaxeef@g.co
521,Natale,nbegginieg@twitter.com
522,Yankee,ystoakseh@howstuffworks.com
523,Alex,aszymanowiczei@samsung.com
524,Masha,mcourtneyej@1688.com
525,Mateo,mskillek@wiley.com
526,Charmine,cbaillesel@ucoz.com
527,Jolene,jgodspedeem@uol.com.br
528,Britney,basalsen@time.com
529,Magda,msimukoveo@fastcompany.com
530,Lissa,ldickieep@rediff.com
531,Brit,bmcgreileq@independent.co.uk
532,Guinna,gbolstridgeer@msu.edu
533,Lars,lhadnyes@wordpress.org
534,Kandy,kboxhallet@pcworld.com
535,Suzy,sfoordeu@wikimedia.org
536,Celesta,cfrediev@skyrock.com
537,Katya,kdeyeew@auda.org.au
538,Rina,rmildnerex@hc360.com
539,Mamie,mpauey@jigsy.com
540,Shandee,scrackettez@unblog.fr
541,Phelia,pjoratf0@gov.uk
542,Herc,hhebblewhitef1@hubpages.com
543,Pia,pvassallf2@japanpost.jp
544,Mollie,mpotierf3@rakuten.co.jp
545,Carling,cseivertsenf4@virginia.edu
546,Paule,pbrokenshiref5@ow.ly
547,Delphinia,deynonf6@abc.net.au
548,Pebrook,pglowachaf7@webnode.com
549,Cirstoforo,crenvoysf8@skyrock.com
550,Hammad,hharriesf9@walmart.com
551,Alard,aalexandersenfa@ca.gov
552,Cary,ckidstonfb@ebay.co.uk
553,Filip,fandrysfc@meetup.com
554,Dusty,dhebbardfd@walmart.com
555,Whitby,wpauelfe@boston.com
556,Juline,jbillamff@scientificamerican.com
557,Corly,challyburtonfg@adobe.com
558,Reuben,rwiburnfh@dagondesign.com
559,Elie,estartenfi@dyndns.org
560,Christoph,cmathwenfj@huffingtonpost.com
561,Taber,tseakingfk@thetimes.co.uk
562,Sephira,sdelacourfl@technorati.com
563,David,dfonefm@huffingtonpost.com
564,Trudie,talpfn@t-online.de
565,Ethel,ejaillerfo@latimes.com
566,Donnamarie,dyanezfp@liveinternet.ru
567,Shane,sbalogfq@amazon.co.jp
568,Estrellita,egudgefr@ox.ac.uk
569,Austine,abodycombfs@live.com
570,Fedora,falvenft@behance.net
571,Marten,mcantillionfu@timesonline.co.uk
572,Lesly,lpegrumfv@usnews.com
573,Jessie,jcostiganfw@spiegel.de
574,Cly,cshoardfx@biglobe.ne.jp
575,Roseanne,rcobellofy@newyorker.com
576,Mickey,mamberfz@ehow.com
577,Humfrey,hgiroding0@ftc.gov
578,Tallou,trosebothamg1@multiply.com
579,Kaleb,kbaxandallg2@home.pl
580,Milissent,mbexong3@trellian.com
581,Hewe,hvaang4@360.cn
582,Georg,gcarekg5@wp.com
583,Ainslee,asimminsg6@netscape.com
584,Emmi,estoneyg7@techcrunch.com
585,Foss,fohartnettg8@narod.ru
586,Dulcie,dloweg9@photobucket.com
587,Jonah,jlemmertzga@yellowpages.com
588,Harriott,hvasyaningb@is.gd
589,Joanne,jthorsengc@canalblog.com
590,Rheta,rdurbanngd@yellowpages.com
591,Lowe,lwynrehamege@salon.com
592,Claiborn,cbealegf@com.com
593,Hannie,hmityashingg@unblog.fr
594,Tracey,tlapthornegh@fda.gov
595,Janot,jlarventgi@timesonline.co.uk
596,Willey,wchazottegj@patch.com
597,Shina,smadeleygk@google.fr
598,Hyacintha,hjoelgl@opensource.org
599,Faunie,fchellenhamgm@creativecommons.org
600,Marris,mgilhoolgn@cocolog-nifty.com
601,Chick,ceadongo@mysql.com
602,Gilda,gassongp@example.com
603,Jolynn,jburnyategq@furl.net
604,Neile,nricciardigr@unesco.org
605,Miltie,mvallowgs@google.co.uk
606,Ingrim,inortheastgt@huffingtonpost.com
607,Delinda,dbuffingu@virginia.edu
608,Waly,wbufferygv@china.com.cn
609,Geno,gjaggardgw@friendfeed.com
610,Rosalind,rromaynesgx@ask.com
611,Alfy,afaldoegy@de.vu
612,Jolee,jlinbohmgz@surveymonkey.com
613,Dov,dmcewenh0@instagram.com
614,Barron,bbredgelandh1@buzzfeed.com
615,Leontine,lwatsonbrownh2@blogspot.com
616,Arda,adewingh3@t.co
617,Del,dahrendsenh4@nymag.com
618,Drake,dfrailh5@google.it
619,Tani,twohlerh6@businesswire.com
620,Tallulah,thaydneyh7@wufoo.com
621,Armand,amarioth8@sfgate.com
622,Vaclav,vzamorah9@dmoz.org
623,Valentine,vfolcaha@exblog.jp
624,Valerye,vmelendezhb@wp.com
625,Alex,ahindenbergerhc@nasa.gov
626,Marylin,mrobartshd@ebay.co.uk
627,Bunnie,bcoithe@washington.edu
628,Ethe,epierrihf@sohu.com
629,Jewel,jkeizmanhg@aboutads.info
630,Gregoor,gmanilowhh@flickr.com
631,Durward,dnaceyhi@answers.com
632,Evita,ejezzardhj@jigsy.com
633,Allissa,aosininhk@toplist.cz
634,Sharona,sriddingtonhl@t.co
635,Niel,nsantinohm@weebly.com
636,Desi,dgoudahn@wufoo.com
637,Alleen,aboulderho@hostgator.com
638,Linc,lcheckleyhp@foxnews.com
639,Gaylene,geisikovitshhq@springer.com
640,Sanders,skaasmanhr@wix.com
641,Mora,mzannottihs@wikimedia.org
642,Emelita,egrinterht@yellowpages.com
643,Mickey,mjanauschekhu@typepad.com
644,Rhodie,raldwichhv@hibu.com
645,Maryellen,mlichtfothhw@creativecommons.org
646,Gaston,gcunradohx@hatena.ne.jp
647,Sephira,scarpehy@cbsnews.com
648,Tandie,troofhz@admin.ch
649,Chloris,cchattoi0@shinystat.com
650,Carrie,cdominyi1@addthis.com
651,Filippo,fbinningi2@github.io
652,Harlen,hcecchii3@senate.gov
653,Eustace,eschultzei4@hc360.com
654,Amanda,akorbmakeri5@oracle.com
655,Jacob,jswiersi6@wikia.com
656,Kipp,kdabelli7@elpais.com
657,Patton,pmartynikhini8@about.com
658,Cart,cdillingstonei9@nymag.com
659,Euphemia,efarthinia@livejournal.com
660,Sollie,sberensib@purevolume.com
661,Jean,jbesseyic@nps.gov
662,Ruy,rwoodwinid@mlb.com
663,Rourke,rwhybrowie@wordpress.com
664,Pippy,prameauxif@oakley.com
665,Dinny,djatczakig@whitehouse.gov
666,Shirl,scarmenih@parallels.com
667,Mella,mcorrisii@arizona.edu
668,Adella,aadshadij@360.cn
669,Gerianna,gobreenik@yellowbook.com
670,Jodee,jgiraudoil@seesaa.net
671,Beret,bcamusim@fda.gov
672,Davita,dcatonnetin@tmall.com
673,Dorri,dwhatsizeio@shinystat.com
674,Jori,jlaileyip@prnewswire.com
675,Kiele,khessayiq@kickstarter.com
676,Darci,dkubekir@bbc.co.uk
677,Adham,ababbeis@ameblo.jp
678,Alicea,adenecampit@nymag.com
679,Hal,htowrissiu@cornell.edu
680,Antons,adonkeiv@alexa.com
681,Chicky,cgametiw@newyorker.com
682,Yolanthe,ygiraudotix@si.edu
683,Dori,dinglesiy@spiegel.de
684,Gabrielle,gedisiz@omniture.com
685,Valida,vfulbrookj0@sina.com.cn
686,Mommy,mfortounj1@macromedia.com
687,Sheffie,scowdenj2@photobucket.com
688,Minnie,mfilonierej3@google.ru
689,Jeri,jkesleyj4@bravesites.com
690,Aguste,abirkwoodj5@cyberchimps.com
691,Britte,bjerzykj6@rambler.ru
692,Hattie,hmarfellj7@wordpress.org
693,Tilda,theusticej8@harvard.edu
694,Roze,rgrigorescuj9@home.pl
695,Carolan,cgusneyja@quantcast.com
696,Kelcy,ksinclairjb@google.nl
697,Irwin,ihannenjc@list-manage.com
698,Dom,dchristaljd@quantcast.com
699,Rebekkah,rcoilje@bloglines.com
700,Bette,brikeljf@earthlink.net
701,Damien,dpearlmanjg@yolasite.com
702,Tabbie,twakeleyjh@cornell.edu
703,Corrianne,chubbartji@google.ru
704,Angy,alorinczjj@privacy.gov.au
705,Corie,cworthingjk@google.com.au
706,Alfie,aoldakerjl@slideshare.net
707,Der,dmcneighjm@purevolume.com
708,Jami,jtargettjn@opensource.org
709,Dun,dwootonjo@gmpg.org
710,Robinson,rthorringtonjp@youtu.be
711,Jonas,jcoytejq@shinystat.com
712,Ron,rfilippyevjr@umn.edu
713,Dawna,dlickessjs@zimbio.com
714,Tedd,treadettjt@mlb.com
715,Jacquie,jfallaweju@arizona.edu
716,Roldan,rgowlandjv@economist.com
717,Burnard,bmcilrathjw@hostgator.com
718,Lorant,lconnachanjx@examiner.com
719,Conrad,cclimojy@canalblog.com
720,Wandis,wwilldenjz@technorati.com
721,Veradis,vmattink0@goo.ne.jp
722,Dusty,dhallutk1@theguardian.com
723,Gwendolin,gtwellsk2@dmoz.org
724,Sancho,swattersonk3@nps.gov
725,Devi,dchrestienk4@plala.or.jp
726,Lorens,lackhurstk5@dropbox.com
727,Gabi,gerrattk6@archive.org
728,Maye,mreviek7@sina.com.cn
729,Lin,lvernayk8@blogs.com
730,Denis,dcamolettok9@friendfeed.com
731,Cece,cwestmorelandka@trellian.com
732,Devin,dhumphriskb@sbwire.com
733,Mortimer,mruddockkc@chronoengine.com
734,Esma,eblaszczykkd@list-manage.com
735,Ingelbert,imatashkinke@mashable.com
736,Elysee,edomleokf@barnesandnoble.com
737,Irene,igaymarkg@microsoft.com
738,Marla,moleszkiewiczkh@earthlink.net
739,Nikolai,nsherringtonki@google.ru
740,Aimee,anultykj@google.co.jp
741,Dosi,dwythekk@msn.com
742,Eustace,eduncankl@nih.gov
743,Nana,nbrockiekm@msu.edu
744,Opaline,oargentkn@hibu.com
745,Delainey,dperrinchiefko@admin.ch
746,Odele,oportamkp@pagesperso-orange.fr
747,Jesus,jrookeskq@bing.com
748,Sherlocke,sswadenkr@cpanel.net
749,Isaac,ibeiderbeckks@google.co.uk
750,Ruthy,rkordovanikt@naver.com
751,Osborn,oleithgoeku@live.com
752,Leonore,ldablekv@cyberchimps.com
753,Carolus,cmanfordkw@comsenz.com
754,Maggy,mcoadkx@geocities.com
755,Gertruda,gdreverky@mashable.com
756,Myrilla,mduffieldkz@tumblr.com
757,Reece,rhradskyl0@umn.edu
758,Katlin,kandrinl1@thetimes.co.uk
759,Vinni,vhorselll2@washington.edu
760,Helaine,hrodsonl3@gnu.org
761,Allina,acouperl4@com.com
762,Stephanie,smcgawnl5@ycombinator.com
763,Harrie,hgerryl6@marketwatch.com
764,Barris,bvanlintl7@economist.com
765,Hildy,hbirchettl8@hhs.gov
766,Ninette,npymerl9@prweb.com
767,Giana,gbauntonla@dot.gov
768,Alano,aabbielb@digg.com
769,Noni,nfairfootlc@businessweek.com
770,Corbett,cdescroixld@amazon.co.uk
771,Huntlee,hmatkinle@usnews.com
772,Aretha,abirchnerlf@washington.edu
773,Emalee,ecanelaslg@zdnet.com
774,Bette-ann,bwaylenlh@blogs.com
775,Dollie,divasyushkinli@jimdo.com
776,Emlen,ecosslettlj@bloglines.com
777,Lia,limpsonlk@jalbum.net
778,Starlene,shendricksll@toplist.cz
779,Marven,myonnielm@omniture.com
780,Edvard,egoodingeln@mapquest.com
781,Perceval,pyvonlo@kickstarter.com
782,Arturo,agombylp@domainmarket.com
783,Hillie,hgilhoolylq@sfgate.com
784,Perry,pwiddisonlr@mit.edu
785,Joly,jbassomls@ocn.ne.jp
786,Ronald,rciottolt@shop-pro.jp
787,Madelle,mturevillelu@java.com
788,Rufus,raltimaslv@nbcnews.com
789,Lemmy,lseakeslw@twitter.com
790,Hallie,hollingtonlx@ted.com
791,Leonie,llamymanly@wp.com
792,Adriano,afusseylz@home.pl
793,Thor,trafterm0@google.com
794,Maurie,msummerbellm1@columbia.edu
795,Bernetta,bkeuntjem2@cocolog-nifty.com
796,Willy,wdefaum3@booking.com
797,Hashim,hhawleym4@ow.ly
798,Gerik,gbrutonm5@macromedia.com
799,Mame,mcolcombm6@purevolume.com
800,Lilllie,lmalleym7@ca.gov
801,Iona,ibeekmannm8@census.gov
802,Teirtza,tfaraganm9@issuu.com
803,Livvy,ldamatoma@dot.gov
804,Cassandra,ccloakemb@cbslocal.com
805,Kory,kprayermc@about.me
806,Peria,pwraxallmd@google.co.jp
807,Jerrilyn,jsawdayme@bbb.org
808,Adah,adixonmf@usnews.com
809,Deidre,dgametmg@posterous.com
810,Geno,glearymh@biglobe.ne.jp
811,Emelen,eseymourmi@weather.com
812,Patric,pspraggsmj@harvard.edu
813,Dorris,dtabormk@newsvine.com
814,Carrie,ckelletml@vk.com
815,Domini,dsandfordmm@flavors.me
816,Stinky,sbridiemn@soup.io
817,Silvanus,sscedallmo@hibu.com
818,Garrek,gsempermp@ft.com
819,Georgine,gwilboremq@aol.com
820,Nolan,ngonsalomr@mapquest.com
821,Renee,rmoncasterms@liveinternet.ru
822,Kendell,kaspenlonmt@geocities.com
823,Harley,halishonermu@w3.org
824,Richart,rtroymv@cpanel.net
825,Dorie,dmccastermw@theglobeandmail.com
826,Lindie,ltodarimx@marriott.com
827,Lena,lmarnesmy@utexas.edu
828,Annaliese,asireymz@github.com
829,Meir,mtrundlern0@artisteer.com
830,Valle,vrubinszteinn1@macromedia.com
831,Cordy,cgeraudn2@ibm.com
832,Doreen,dolenikovn3@microsoft.com
833,Alethea,atraffordn4@g.co
834,Toinette,tboveyn5@istockphoto.com
835,Giavani,gtantn6@pbs.org
836,Birgit,bcapaldon7@apache.org
837,Jolie,jbonefantn8@wordpress.com
838,Bertie,bbowhayn9@dyndns.org
839,Hamlin,hwidgerna@slashdot.org
840,Aloysia,asacconb@purevolume.com
841,Fredrika,flaidelnc@europa.eu
842,Salome,stampennd@state.tx.us
843,Carmel,ccammidgene@opensource.org
844,Penn,pwaterhousnf@abc.net.au
845,Crosby,cascrofteng@webnode.com
846,Amory,awallasnh@globo.com
847,Rae,rpapesni@chicagotribune.com
848,Beverlee,bkidnj@is.gd
849,Cassius,caspinnk@sciencedaily.com
850,Thedric,tlethleynl@vimeo.com
851,Maurits,mkivlinnm@facebook.com
852,Kort,kmulvaghnn@paginegialle.it
853,Jonathon,jaggottno@nih.gov
854,Bryanty,bolunneynp@si.edu
855,Iona,idunbletonnq@networksolutions.com
856,Ephrayim,ehammellnr@desdev.cn
857,Bobby,bsieghartns@oaic.gov.au
858,Randi,rspilsburient@epa.gov
859,Moise,mrobertsonnu@samsung.com
860,Ninetta,neadynv@smugmug.com
861,Lauryn,lwilbrahamnw@uol.com.br
862,Consuelo,cdepkenx@tumblr.com
863,Wakefield,wpasmoreny@instagram.com
864,Josefa,jkleinplacnz@1688.com
865,Nolie,nstriblingo0@skyrock.com
866,Bradan,bcotteo1@earthlink.net
867,Sibbie,sberteleto2@t.co
868,Lisette,lcollinwoodo3@mlb.com
869,Trista,tjunifero4@hatena.ne.jp
870,Care,cwidgero5@w3.org
871,Isac,idumberello6@reuters.com
872,Isabeau,ihehiro7@mashable.com
873,Lancelot,lburgotto8@dailymail.co.uk
874,Mirella,mdikelino9@netvibes.com
875,Meridith,mkirsteinoa@networkadvertising.org
876,Lizzie,lcallfob@rediff.com
877,Caterina,ctavernoroc@yale.edu
878,Bobette,bvernaod@cbc.ca
879,Stevana,sgarbuttoe@independent.co.uk
880,Phillip,pbraamsof@issuu.com
881,Ashely,abickfordog@usnews.com
882,Valery,voheyneoh@businessweek.com
883,Marmaduke,mbaistowoi@princeton.edu
884,Mahmoud,mmcclymondoj@irs.gov
885,Bathsheba,bzuanok@noaa.gov
886,Clemence,ccourtoisol@wiley.com
887,Nicoli,nokenfoldom@google.com
888,Bobbee,bgunsonon@ask.com
889,Elyse,emclellandoo@blinklist.com
890,Bruce,bswindonop@loc.gov
891,Anett,astanlockoq@forbes.com
892,Cicily,cgassor@barnesandnoble.com
893,Sergio,srothschildos@51.la
894,Garrek,geydenot@topsy.com
895,Diarmid,dcartmaleou@4shared.com
896,Kahlil,khendriksenov@yahoo.co.jp
897,Vicky,vwindybankow@slate.com
898,Alix,afellenorox@sourceforge.net
899,Yoshiko,yaskhamoy@ycombinator.com
900,Adah,amargaretoz@arstechnica.com
901,Pamelina,pborthp0@google.de
902,Delilah,dfilipp1@google.fr
903,Lynde,lmacallamp2@ucla.edu
904,Blake,blocketp3@reverbnation.com
905,Danika,dgregsp4@woothemes.com
906,Colet,chessentalerp5@mapy.cz
907,Eudora,eblazeyp6@multiply.com
908,Hilliard,hpridgeonp7@oracle.com
909,Toby,tmuslap8@dedecms.com
910,Flossi,fdelaneyp9@illinois.edu
911,Muffin,maingerpa@accuweather.com
912,Silas,sdayshpb@vimeo.com
913,Clementia,ctillspc@accuweather.com
914,Ethelred,ewynespd@hugedomains.com
915,Rad,rtwintermanpe@state.gov
916,Matthaeus,mmcgeffenpf@spotify.com
917,Sheridan,sbingallpg@icq.com
918,Mohammed,myakuninph@ask.com
919,Pam,pgaitskillpi@discovery.com
920,Sindee,scuredalepj@wired.com
921,Dorri,dojedapk@discuz.net
922,Haywood,handrusyakpl@addthis.com
923,Palmer,pandrieupm@posterous.com
924,Clarita,ccuschieripn@cisco.com
925,Ferdinande,fmoresidepo@nsw.gov.au
926,Terencio,tdriffepp@wunderground.com
927,Seth,spellmanpq@bigcartel.com
928,Bianka,bguilletonpr@accuweather.com
929,Caritta,cchampneysps@irs.gov
930,Corine,cevittspt@dyndns.org
931,Idalina,ifeatherstonepu@omniture.com
932,Edi,efugerepv@wp.com
933,Rayner,rbiglandpw@independent.co.uk
934,Harriot,hyakubovichpx@opera.com
935,Derril,djohanningpy@themeforest.net
936,Obadiah,oscarmanpz@gravatar.com
937,Hal,hmeekinq0@abc.net.au
938,Ginger,ggrishinq1@ucoz.ru
939,Dieter,dmawfordq2@rambler.ru
940,Nanny,nvinkerq3@go.com
941,Westley,wmeringtonq4@unblog.fr
942,Barnebas,bbisetq5@w3.org
943,Carie,cjorczykq6@state.gov
944,Dean,dpigramq7@dailymotion.com
945,Armando,atrippittq8@people.com.cn
946,Edmund,ejodkowskiq9@macromedia.com
947,Angele,acuniffeqa@va.gov
948,Elinor,eskipseyqb@reference.com
949,Jemmie,jbeckwithqc@harvard.edu
950,Pascal,pberteletqd@hao123.com
951,Tybie,tjaneqe@aboutads.info
952,Ofelia,omorfettqf@wikispaces.com
953,Caroljean,cfaierqg@theatlantic.com
954,Mead,mcarabetqh@archive.org
955,Thurston,trumsbyqi@home.pl
956,Truda,tpinchbackqj@craigslist.org
957,Cordie,cmustoeqk@wikimedia.org
958,Francisca,fminshawql@unicef.org
959,Deedee,dzannottiqm@cafepress.com
960,Roxanna,rchampnissqn@ed.gov
961,Bianka,bpouckqo@harvard.edu
962,Felicle,fneameqp@istockphoto.com
963,Abby,aornilsqq@jalbum.net
964,Zilvia,zilieveqr@marketwatch.com
965,Orion,owoollardqs@issuu.com
966,Lyn,lsnipeqt@typepad.com
967,Jacinthe,jeckelsqu@psu.edu
968,Marylou,mlockeryqv@vkontakte.ru
969,Vally,vivicqw@japanpost.jp
970,Nataniel,nburgesqx@telegraph.co.uk
971,Alyss,aspiersqy@noaa.gov
972,Therese,tbumphriesqz@macromedia.com
973,Crista,cspinor0@epa.gov
974,Prentice,peverexr1@vimeo.com
975,Norri,nmoattr2@list-manage.com
976,Frederick,fridoutr3@shop-pro.jp
977,Patty,pgronavr4@buzzfeed.com
978,Patton,pmussor5@europa.eu
979,Nalani,ntomasellir6@indiegogo.com
980,Ruy,rtrebbler7@sfgate.com
981,Pat,pjosefsohnr8@cpanel.net
982,Gennie,gdosdaler9@hao123.com
983,Annecorinne,aarpra@tumblr.com
984,Norman,ngilhamrb@dion.ne.jp
985,Roddy,rbaldingrc@unc.edu
986,Maridel,mcottellrd@bluehost.com
987,Ginny,gbertomeure@dmoz.org
988,Harold,hschoolfieldrf@bluehost.com
989,Leda,lwastallrg@nps.gov
990,Freda,fsmietonrh@nps.gov
991,Tiebold,tsparkesri@reddit.com
992,Ferdinanda,fgreystokerj@businessinsider.com
993,Wendye,wheasleyrk@drupal.org
994,Elsa,eenderl@blogger.com
995,Nolly,nbullionrm@mysql.com
996,Josi,jmccoshrn@dmoz.org
997,Franzen,fsharkro@miitbeian.gov.cn
998,Lorna,ltusonrp@businessweek.com
999,Devy,djindrarq@newyorker.com
1000,Vilhelmina,vcoltonrr@linkedin.com
